{
  "course": "10-1",
  "generated_at": "2025-08-18T18:55:20.517465Z",
  "counts": {
    "segments": 4,
    "lines": 4,
    "spots": 6,
    "guide_points": 6
  },
  "lines": [
    [
      [
        126.26895826812076,
        33.166308302833
      ],
      [
        126.26906381415282,
        33.16632496930856
      ],
      [
        126.26930823586196,
        33.16639440990622
      ],
      [
        126.26959432086898,
        33.166452741269595
      ],
      [
        126.2697554162889,
        33.16653051297981
      ],
      [
        126.26995539875756,
        33.16653884851649
      ],
      [
        126.27010816285464,
        33.166558293200744
      ],
      [
        126.27018315530697,
        33.166605511382826
      ],
      [
        126.27026370056414,
        33.166755496087255
      ],
      [
        126.27038868395792,
        33.16701658033491
      ],
      [
        126.27054144830022,
        33.16702491513431
      ],
      [
        126.27078031610068,
        33.16704158369211
      ],
      [
        126.27097196559089,
        33.16706658392623
      ],
      [
        126.27119972361196,
        33.167066587483205
      ],
      [
        126.27134415503718,
        33.16708880950872
      ],
      [
        126.27137470659333,
        33.16714991435297
      ],
      [
        126.27144136594445,
        33.16721935217484
      ],
      [
        126.27164412386496,
        33.16732212177705
      ],
      [
        126.27173855895242,
        33.16737489520533
      ],
      [
        126.27204686167839,
        33.16754988070802
      ],
      [
        126.27204686167839,
        33.16754988070802
      ],
      [
        126.27180521082168,
        33.16778318451726
      ],
      [
        126.27135801635147,
        33.16828312235415
      ],
      [
        126.27108303106667,
        33.16869696127218
      ],
      [
        126.27094137030984,
        33.16898581606712
      ],
      [
        126.27085526176164,
        33.16920801242018
      ],
      [
        126.27076637659653,
        33.169388546661445
      ]
    ],
    [
      [
        126.27076637659653,
        33.169388546661445
      ],
      [
        126.27071082224141,
        33.1695524165959
      ],
      [
        126.27063860131601,
        33.16977739063686
      ],
      [
        126.27063304569037,
        33.16980238779108
      ],
      [
        126.27061637795485,
        33.16991626385079
      ],
      [
        126.27061359986604,
        33.16994126104838
      ],
      [
        126.27061082183856,
        33.16996348077476
      ],
      [
        126.27060526596759,
        33.16999958781384
      ],
      [
        126.27056637830536,
        33.17009679869917
      ],
      [
        126.2704858235428,
        33.170377322034135
      ],
      [
        126.27043304733775,
        33.17051341729953
      ],
      [
        126.27027194363905,
        33.17081060420355
      ],
      [
        126.27014972447465,
        33.17115223125417
      ],
      [
        126.27008861388045,
        33.17136887305441
      ],
      [
        126.26999695074909,
        33.17156884955012
      ],
      [
        126.26996083994898,
        33.1716966126619
      ],
      [
        126.2699302834865,
        33.17185770551493
      ],
      [
        126.2699413919778,
        33.17193269741114
      ],
      [
        126.26997193924008,
        33.172188225239616
      ],
      [
        126.26995249317018,
        33.17233820838122
      ],
      [
        126.26984138513421,
        33.17263539606519
      ],
      [
        126.26973861210081,
        33.172824262502125
      ],
      [
        126.26967750261048,
        33.17299090982007
      ],
      [
        126.26967750261048,
        33.17299090982007
      ],
      [
        126.26981360111746,
        33.17302701907147
      ],
      [
        126.2699302562533,
        33.17309090273125
      ],
      [
        126.2700302463522,
        33.17314645371713
      ],
      [
        126.27004691145046,
        33.173152008919836
      ],
      [
        126.27039410036383,
        33.173296442845405
      ],
      [
        126.27076350883566,
        33.1734742067726
      ],
      [
        126.27089960691322,
        33.173529758322545
      ],
      [
        126.27106070288353,
        33.17358253279176
      ],
      [
        126.27106903432849,
        33.173635304874814
      ],
      [
        126.27104958911701,
        33.17374640341929
      ],
      [
        126.2710856900412,
        33.17406581317169
      ],
      [
        126.27109679834818,
        33.17414913748131
      ],
      [
        126.27106624268264,
        33.17427412320816
      ],
      [
        126.27106346207857,
        33.17441299672485
      ],
      [
        126.27103568480864,
        33.17449909789822
      ],
      [
        126.27103568480864,
        33.17449909789822
      ],
      [
        126.27119400330328,
        33.174549094852864
      ],
      [
        126.27131065899096,
        33.17458798127192
      ],
      [
        126.27157730062414,
        33.17467408704431
      ],
      [
        126.27178283785823,
        33.17469631002461
      ],
      [
        126.27225224164266,
        33.17469353988604
      ],
      [
        126.27289940735452,
        33.174710214822994
      ],
      [
        126.27317160608604,
        33.17470466413284
      ],
      [
        126.2734132542439,
        33.17459356905972
      ],
      [
        126.27386322024064,
        33.17436582345038
      ],
      [
        126.27413264395106,
        33.17424639639756
      ],
      [
        126.27424096960524,
        33.17416862889608
      ]
    ],
    [
      [
        126.27048014848917,
        33.17581005562635
      ],
      [
        126.26991633612025,
        33.17456018478039
      ],
      [
        126.2698357915397,
        33.17437964789428
      ],
      [
        126.2698357915397,
        33.17437964789428
      ],
      [
        126.26976080178737,
        33.1742102209797
      ],
      [
        126.26969136833542,
        33.17398524472784
      ],
      [
        126.26968859116663,
        33.173968579857245
      ],
      [
        126.26962471137745,
        33.173807485529736
      ],
      [
        126.26935251632658,
        33.17364638794853
      ],
      [
        126.26930529844597,
        33.17363527732623
      ],
      [
        126.26930529844597,
        33.17363527732623
      ],
      [
        126.26939696035066,
        33.173490850255284
      ],
      [
        126.26940529320646,
        33.17347974050062
      ],
      [
        126.26949417745166,
        33.17334086832866
      ],
      [
        126.26956361814172,
        33.17323810297866
      ],
      [
        126.26958028397603,
        33.173210328526906
      ],
      [
        126.26966361412897,
        33.17302701672884
      ],
      [
        126.26967750261048,
        33.17299090982007
      ],
      [
        126.26973861210081,
        33.172824262502125
      ],
      [
        126.26984138513421,
        33.17263539606519
      ],
      [
        126.26995249317018,
        33.17233820838122
      ],
      [
        126.26997193924008,
        33.172188225239616
      ],
      [
        126.2699413919778,
        33.17193269741114
      ],
      [
        126.2699302834865,
        33.17185770551493
      ],
      [
        126.26996083994898,
        33.1716966126619
      ],
      [
        126.26999695074909,
        33.17156884955012
      ],
      [
        126.27008861388045,
        33.17136887305441
      ],
      [
        126.27014972447465,
        33.17115223125417
      ],
      [
        126.27027194363905,
        33.17081060420355
      ],
      [
        126.27043304733775,
        33.17051341729953
      ],
      [
        126.2704858235428,
        33.170377322034135
      ],
      [
        126.27056637830536,
